jaquelyn,123,Jaquelyn,Godard,jaquelyngodard@gmail.com
odessa,123,Odessa,Blazek,odessablazek@gmail.com
jenny,123,Jenny,Pauli,jennypauli@gmail.com
kati,123,Kati,Massengill,katimassengill@gmail.com
delinda,123,Delinda,Townes,delindatownes@gmail.com
karlyn,123,Karlyn,Vinton,karlynvinton@gmail.com
sidney,123,Sidney,Sassano,sidneysassano@gmail.com
danelle,123,Danelle,Maston,danellemaston@gmail.com
sierra,123,Sierra,Colmenero,sierracolmenero@gmail.com
harmony,123,Harmony,Filiault,harmonyfiliault@gmail.com
lavera,123,Lavera,Davin,laveradavin@gmail.com
kris,123,Kris,Meekins,krismeekins@gmail.com
ronna,123,Ronna,Devine,ronnadevine@gmail.com
jenae,123,Jenae,Draughn,jenaedraughn@gmail.com
magen,123,Magen,Cerna,magencerna@gmail.com
julieann,123,Julieann,Littrell,julieannlittrell@gmail.com
enedina,123,Enedina,Bess,enedinabess@gmail.com
myron,123,Myron,Spradling,myronspradling@gmail.com
tawny,123,Tawny,Rickman,tawnyrickman@gmail.com
crystle,123,Crystle,Gratz,crystlegratz@gmail.com
eleanora,123,Eleanora,Israel,eleanoraisrael@gmail.com
nada,123,Nada,Shuttleworth,nadashuttleworth@gmail.com
annette,123,Annette,Kovats,annettekovats@gmail.com
aida,123,Aida,Kuebler,aidakuebler@gmail.com
georgann,123,Georgann,Rollinson,georgannrollinson@gmail.com
tyler,123,Tyler,Chadburn,tylerchadburn@gmail.com
mose,123,Mose,Eisner,moseeisner@gmail.com
edwardo,123,Edwardo,Biddle,edwardobiddle@gmail.com
bruna,123,Bruna,Brizendine,brunabrizendine@gmail.com
tawana,123,Tawana,Kaylor,tawanakaylor@gmail.com
coletta,123,Coletta,Daw,colettadaw@gmail.com
ardelle,123,Ardelle,Kibble,ardellekibble@gmail.com
lizzie,123,Lizzie,Tillson,lizzietillson@gmail.com
carolee,123,Carolee,Buswell,caroleebuswell@gmail.com
tegan,123,Tegan,Poling,teganpoling@gmail.com
jenell,123,Jenell,Shoemaker,jenellshoemaker@gmail.com
prince,123,Prince,Gritton,princegritton@gmail.com
ludie,123,Ludie,Lucian,ludielucian@gmail.com
lita,123,Lita,Poquette,litapoquette@gmail.com
franklyn,123,Franklyn,Ort,franklynort@gmail.com
echo,123,Echo,Wilkenson,echowilkenson@gmail.com
belia,123,Belia,Orange,beliaorange@gmail.com
darryl,123,Darryl,Steen,darrylsteen@gmail.com
tad,123,Tad,Pavia,tadpavia@gmail.com
marcela,123,Marcela,Skinner,marcelaskinner@gmail.com
voncile,123,Voncile,Kwan,voncilekwan@gmail.com
marcie,123,Marcie,Ferrigno,marcieferrigno@gmail.com
lorraine,123,Lorraine,New,lorrainenew@gmail.com
raina,123,Raina,Distefano,rainadistefano@gmail.com
cherilyn,123,Cherilyn,Hysmith,cherilynhysmith@gmail.com